<acceptance-test-run title="Suite" name="test" steps="3" successful="3" failures="0" skipped="0" ignored="0" pending="0" result="SUCCESS" duration="12006">
  <user-story id="com.example.steps.SuiteTest" name="Suite test" path="com.example.steps"/>
  <tags>
    <tag name="Suite test" type="story"/>
  </tags>
  <test-step result="SUCCESS" duration="5140">
    <screenshots>
      <screenshot image="screenshot-d6cd4676e95ddf1ac59610b57b19a2047ba6ea7e64f248b3a64ead40a03a3e671.png"/>
      <screenshot image="screenshot-d6cd4676e95ddf1ac59610b57b19a2047ba6ea7e64f248b3a64ead40a03a3e672.png"/>
    </screenshots>
    <description>Search</description>
  </test-step>
  <test-step result="SUCCESS" duration="2141">
    <screenshots>
      <screenshot image="screenshot-88c44a17f3292cbaf8dbe113d4601fa7f0f01e98adf4c3c9c0e030c7b70d8eba4.png"/>
    </screenshots>
    <description>Download</description>
  </test-step>
  <test-step result="SUCCESS" duration="2231">
    <screenshots>
      <screenshot image="screenshot-c7d1e55100148b96e74d3fbd8076bf9ea9cab1baa59c2b06b7528a730c246dd76.png"/>
    </screenshots>
    <description>Documentation</description>
  </test-step>
</acceptance-test-run>